2602.04998	PEFT	lora-lr-matters
2606.10428	PEFT	which-lora
2405.09673	PEFT	lora-learns-less-forgets-less
2410.21228	PEFT	lora-vs-full-illusion
2402.09353	PEFT	dora
2404.02948	PEFT	pissa
2402.12354	PEFT	lora-plus
2312.03732	PEFT	rslora
2310.11454	PEFT	vera
2303.10512	PEFT	adalora
2405.12130	PEFT	mora
2406.01775	PEFT	olora
2310.05914	PEFT	neftune
2203.05482	PEFT	model-soups
2109.01903	PEFT	wise-ft
2007.07314	LOSS	logit-adjustment
2204.12511	LOSS	polyloss
1901.05555	LOSS	class-balanced-loss
1708.02002	LOSS	focal-loss
2403.14715	LOSS	label-smoothing-selective
2401.13586	LOSS	does-prompt-loss-matter
2512.21017	LOSS	sftkey
2404.07965	LOSS	rho-1
2602.01227	LOSS	sft-token-priority
1604.03540	LOSS	ohem
1811.05181	LOSS	ghm
2407.15831	LOSS	nv-retriever
1803.09050	LOSS	learning-to-reweight
2410.13674	LOSS	discl
1706.04599	LOSS	temperature-scaling
2402.07417	LOSS	calibrating-vlms
2402.13213	LOSS	chat-llm-miscalibrated
2408.11598	LOSS	focal-ts-properness
2306.13063	LOSS	llm-express-uncertainty
2108.03020	DATA	specmix
2103.16858	DATA	specaugment-pp
2501.13846	DATA	sage-gw-biases
2401.07406	DATA	ml-gw-astronomy-review
2403.18661	DATA	realtime-cbc
2605.28572	DATA	dinov2-gw-glitch
2203.05573	DATA	mae-medical
2204.12260	DATA	masked-spectrogram-modeling
2408.14862	DATA	ssl-audio-asc
2212.09058	DATA	beats
2411.15821	DATA	quality-vs-quantity-small
2310.10060	DATA	timeseries-aug-survey
2409.12191	VLM	qwen2-vl
2502.13923	VLM	qwen2.5-vl
2511.21631	VLM	qwen3-vl
2510.09822	VLM	task-aware-resolution
2407.20174	VLM	chartqa-unfreeze-vision
2504.04323	VLM	medm-vl
2411.12058	VLM	vlm-fewshot-audio-spectrogram
2402.03300	VLM	deepseekmath-grpo
2504.13837	VLM	rl-incentivize-reasoning
2506.10947	VLM	spurious-rewards
2503.01785	VLM	visual-rft
2507.16806	VLM	rlcr
2409.12183	VLM	to-cot-or-not
2311.17076	VLM	ccot
2403.16999	VLM	visual-cot-dataset
2411.10440	VLM	llava-cot
2203.11171	VLM	self-consistency
2405.14438	VLM	lora-ensemble
2202.06985	VLM	deep-ensembles-necessary
2604.09697	VLM	tta-not-better
2209.11146	GW	mlgwsc-1
1712.06041	GW	gabbard2018
1711.07966	GW	george-huerta
2211.01520	GW	aresgw
2407.07820	GW	aresgw-enhanced
2106.03741	GW	training-strategies-usr
2312.04855	GW	1d-vs-2d-cnn
1904.08693	GW	magic-bullet
2512.04031	GW	llm-cqt-gw
1611.04596	GW	gravity-spy
